Species_Code,Common_Name,Scientific_Name,Date,Bird_Count,lat,lng,subId,Notable_Normal,Year,Month,Day,Family_Name
limpki,Limpkin,Aramus guarauna,2021-07-31 20:19,1.0,27.0835658,-82.1117096,S92578720,1,2021,7,31,Aramidae
limpki,Limpkin,Aramus guarauna,2021-07-31 19:54,1.0,27.8033571,-81.1988139,S92583633,1,2021,7,31,Aramidae
limpki,Limpkin,Aramus guarauna,2021-07-31 19:35,4.0,28.37152,-81.550766,S92576788,1,2021,7,31,Aramidae
limpki,Limpkin,Aramus guarauna,2021-07-31 19:33,1.0,27.8256605,-81.2182117,S92583985,1,2021,7,31,Aramidae
limpki,Limpkin,Aramus guarauna,2021-07-31 19:00,2.0,28.6398772,-81.3094394,S92581282,1,2021,7,31,Aramidae
limpki,Limpkin,Aramus guarauna,2021-07-31 17:21,1.0,28.5326928,-81.3707113,S92585434,1,2021,7,31,Aramidae
limpki,Limpkin,Aramus guarauna,2021-07-31 16:49,1.0,27.1155236,-80.2788916,S92582701,1,2021,7,31,Aramidae
limpki,Limpkin,Aramus guarauna,2021-07-31 15:22,1.0,28.7028161,-81.2854654,S92564415,1,2021,7,31,Aramidae
limpki,Limpkin,Aramus guarauna,2021-07-31 15:00,1.0,27.2841779,-82.4645682,S92578651,1,2021,7,31,Aramidae
limpki,Limpkin,Aramus guarauna,2021-07-31 14:40,5.0,26.4986442,-80.2246141,S92564502,1,2021,7,31,Aramidae
limpki,Limpkin,Aramus guarauna,2021-07-31 14:09,1.0,26.2169038,-81.8174797,S92580160,1,2021,7,31,Aramidae
limpki,Limpkin,Aramus guarauna,2021-07-31 11:27,1.0,29.6704686,-81.4994637,S92558609,1,2021,7,31,Aramidae
limpki,Limpkin,Aramus guarauna,2021-07-31 11:09,1.0,28.0922,-82.7067,S92558187,1,2021,7,31,Aramidae
limpki,Limpkin,Aramus guarauna,2021-07-31 11:08,1.0,27.4193845,-82.554394,S92548983,1,2021,7,31,Aramidae
limpki,Limpkin,Aramus guarauna,2021-07-31 10:48,6.0,27.9426789,-81.2050366,S92554307,1,2021,7,31,Aramidae
limpki,Limpkin,Aramus guarauna,2021-07-31 10:29,1.0,27.8398,-82.6705,S92549532,1,2021,7,31,Aramidae
limpki,Limpkin,Aramus guarauna,2021-07-31 09:50,3.0,27.3948028,-82.4302429,S92559106,1,2021,7,31,Aramidae
limpki,Limpkin,Aramus guarauna,2021-07-31 09:37,1.0,27.2567365,-82.493248,S92544292,1,2021,7,31,Aramidae
limpki,Limpkin,Aramus guarauna,2021-07-31 09:33,1.0,28.5836,-81.3586,S92551194,1,2021,7,31,Aramidae
limpki,Limpkin,Aramus guarauna,2021-07-31 09:31,2.0,26.4861584,-80.1607561,S92552971,1,2021,7,31,Aramidae
limpki,Limpkin,Aramus guarauna,2021-07-31 09:28,1.0,28.0725,-82.3754,S92556559,1,2021,7,31,Aramidae
limpki,Limpkin,Aramus guarauna,2021-07-31 09:15,1.0,27.385084,-81.002682,S92542975,1,2021,7,31,Aramidae
limpki,Limpkin,Aramus guarauna,2021-07-31 09:01,4.0,29.6151026,-82.3254061,S92549027,1,2021,7,31,Aramidae
limpki,Limpkin,Aramus guarauna,2021-07-31 08:27,2.0,28.7040172,-81.6730338,S92557610,1,2021,7,31,Aramidae
limpki,Limpkin,Aramus guarauna,2021-07-31 08:27,1.0,26.5052081,-80.1399958,S92543862,1,2021,7,31,Aramidae
limpki,Limpkin,Aramus guarauna,2021-07-31 08:26,1.0,26.294125,-81.4860487,S92540306,1,2021,7,31,Aramidae
limpki,Limpkin,Aramus guarauna,2021-07-31 07:55,4.0,28.8032791,-82.0169592,S92542528,1,2021,7,31,Aramidae
limpki,Limpkin,Aramus guarauna,2021-07-31 07:53,1.0,27.7881373,-82.6414776,S92543652,1,2021,7,31,Aramidae
limpki,Limpkin,Aramus guarauna,2021-07-31 07:50,4.0,25.776121,-80.2030056,S92561394,1,2021,7,31,Aramidae
limpki,Limpkin,Aramus guarauna,2021-07-31 07:37,1.0,27.6871553,-80.3977385,S92540098,1,2021,7,31,Aramidae
limpki,Limpkin,Aramus guarauna,2021-07-31 07:35,4.0,28.0620436,-81.8838501,S92551256,1,2021,7,31,Aramidae
limpki,Limpkin,Aramus guarauna,2021-07-31 07:25,6.0,26.9880989,-81.0793407,S92582116,1,2021,7,31,Aramidae
limpki,Limpkin,Aramus guarauna,2021-07-31 07:09,4.0,26.6496729,-81.6869336,S92539009,1,2021,7,31,Aramidae
limpki,Limpkin,Aramus guarauna,2021-07-31 06:58,1.0,29.5587838,-82.3245401,S92558512,1,2021,7,31,Aramidae
limpki,Limpkin,Aramus guarauna,2021-07-31 06:48,1.0,27.954033,-81.7189479,S92539097,1,2021,7,31,Aramidae
limpki,Limpkin,Aramus guarauna,2021-07-31 06:46,4.0,29.686897,-81.4758325,S92544535,1,2021,7,31,Aramidae
limpki,Limpkin,Aramus guarauna,2021-07-31 06:39,1.0,28.6893446,-81.5995327,S92558021,1,2021,7,31,Aramidae
limpki,Limpkin,Aramus guarauna,2021-07-31 06:34,5.0,26.9691698,-81.1184065,S92582120,1,2021,7,31,Aramidae
limpki,Limpkin,Aramus guarauna,2021-07-31 06:19,7.0,26.729055,-80.8658275,S92578763,1,2021,7,31,Aramidae
limpki,Limpkin,Aramus guarauna,2021-07-31 06:03,2.0,28.733505,-81.7406674,S92558755,1,2021,7,31,Aramidae
limpki,Limpkin,Aramus guarauna,2021-07-30 19:59,1.0,28.5201151,-81.2311285,S92525538,1,2021,7,30,Aramidae
limpki,Limpkin,Aramus guarauna,2021-07-30 17:25,2.0,27.2405033,-82.3148167,S92531338,1,2021,7,30,Aramidae
limpki,Limpkin,Aramus guarauna,2021-07-30 15:55,3.0,26.8267833,-81.0475883,S92524968,1,2021,7,30,Aramidae
limpki,Limpkin,Aramus guarauna,2021-07-30 15:14,1.0,26.0697361,-80.2770996,S92516252,1,2021,7,30,Aramidae
limpki,Limpkin,Aramus guarauna,2021-07-30 14:02,1.0,26.409047,-80.167984,S92511324,1,2021,7,30,Aramidae
limpki,Limpkin,Aramus guarauna,2021-07-30 12:05,1.0,27.5930482,-80.3967858,S92509587,1,2021,7,30,Aramidae
limpki,Limpkin,Aramus guarauna,2021-07-30 11:18,1.0,28.5772006,-81.5865755,S92544638,1,2021,7,30,Aramidae
limpki,Limpkin,Aramus guarauna,2021-07-30 10:20,1.0,26.0553344,-80.2613464,S92501624,1,2021,7,30,Aramidae
limpki,Limpkin,Aramus guarauna,2021-07-30 10:13,1.0,28.5753263,-80.9966826,S92503276,1,2021,7,30,Aramidae
limpki,Limpkin,Aramus guarauna,2021-07-30 09:33,1.0,28.6690476,-81.56128,S92529258,1,2021,7,30,Aramidae
limpki,Limpkin,Aramus guarauna,2021-07-30 08:38,1.0,26.0713023,-81.6770386,S92502491,1,2021,7,30,Aramidae
limpki,Limpkin,Aramus guarauna,2021-07-30 08:27,1.0,27.249277,-80.371925,S92540708,1,2021,7,30,Aramidae
limpki,Limpkin,Aramus guarauna,2021-07-30 07:57,2.0,28.0591773,-82.3436049,S92498715,1,2021,7,30,Aramidae
limpki,Limpkin,Aramus guarauna,2021-07-30 07:56,1.0,26.928268,-81.2550082,S92499782,1,2021,7,30,Aramidae
limpki,Limpkin,Aramus guarauna,2021-07-30 07:50,5.0,28.09435,-82.709682,S92504027,1,2021,7,30,Aramidae
limpki,Limpkin,Aramus guarauna,2021-07-30 07:22,2.0,27.3253186,-82.4336821,S92514071,1,2021,7,30,Aramidae
limpki,Limpkin,Aramus guarauna,2021-07-30 07:00,8.0,27.608256,-81.2639125,S92514645,1,2021,7,30,Aramidae
limpki,Limpkin,Aramus guarauna,2021-07-30 06:58,2.0,27.6087151,-81.1907992,S92574776,1,2021,7,30,Aramidae
limpki,Limpkin,Aramus guarauna,2021-07-30 06:53,1.0,26.294,-81.486,S92496598,1,2021,7,30,Aramidae
limpki,Limpkin,Aramus guarauna,2021-07-30 06:41,2.0,29.857,-95.164,S92498948,1,2021,7,30,Aramidae
limpki,Limpkin,Aramus guarauna,2021-07-30 06:28,2.0,29.8821415,-95.1872635,S92495703,1,2021,7,30,Aramidae
limpki,Limpkin,Aramus guarauna,2021-07-30 06:27,1.0,27.172589,-80.396088,S92492727,1,2021,7,30,Aramidae
limpki,Limpkin,Aramus guarauna,2021-07-30 06:25,2.0,27.9123525,-81.1302567,S92500177,1,2021,7,30,Aramidae
limpki,Limpkin,Aramus guarauna,2021-07-29 20:45,1.0,27.3452256,-82.4652072,S92577599,1,2021,7,29,Aramidae
limpki,Limpkin,Aramus guarauna,2021-07-29 19:55,1.0,26.2949452,-81.4159482,S92482225,1,2021,7,29,Aramidae
limpki,Limpkin,Aramus guarauna,2021-07-29 19:04,5.0,26.7813214,-81.7547172,S92482330,1,2021,7,29,Aramidae
limpki,Limpkin,Aramus guarauna,2021-07-29 18:52,3.0,29.881803,-95.185903,S92485022,1,2021,7,29,Aramidae
limpki,Limpkin,Aramus guarauna,2021-07-29 16:15,1.0,28.8445656,-81.9554168,S92475923,1,2021,7,29,Aramidae
limpki,Limpkin,Aramus guarauna,2021-07-29 15:45,1.0,27.8763584,-82.8090332,S92482616,1,2021,7,29,Aramidae
limpki,Limpkin,Aramus guarauna,2021-07-29 14:19,1.0,26.684909,-80.39089,S92518904,1,2021,7,29,Aramidae
limpki,Limpkin,Aramus guarauna,2021-07-29 13:30,1.0,26.4928139,-80.2168894,S92476134,1,2021,7,29,Aramidae
limpki,Limpkin,Aramus guarauna,2021-07-29 10:29,3.0,28.8038639,-81.8773778,S92462695,1,2021,7,29,Aramidae
limpki,Limpkin,Aramus guarauna,2021-07-29 09:48,1.0,27.6084606,-80.4772731,S92459855,1,2021,7,29,Aramidae
limpki,Limpkin,Aramus guarauna,2021-07-29 09:33,1.0,27.2344907,-82.3113895,S92466936,1,2021,7,29,Aramidae
limpki,Limpkin,Aramus guarauna,2021-07-29 08:40,1.0,26.726145,-81.652422,S92501137,1,2021,7,29,Aramidae
limpki,Limpkin,Aramus guarauna,2021-07-29 08:09,2.0,26.2768695,-80.214057,S92455504,1,2021,7,29,Aramidae
limpki,Limpkin,Aramus guarauna,2021-07-29 08:00,5.0,29.070806,-81.413014,S92484149,1,2021,7,29,Aramidae
limpki,Limpkin,Aramus guarauna,2021-07-29 07:31,2.0,28.060513,-82.0305884,S92455179,1,2021,7,29,Aramidae
limpki,Limpkin,Aramus guarauna,2021-07-29 07:24,1.0,27.0315137,-81.066569,S92582158,1,2021,7,29,Aramidae
limpki,Limpkin,Aramus guarauna,2021-07-29 07:22,1.0,28.0400161,-82.6979113,S92453095,1,2021,7,29,Aramidae
limpki,Limpkin,Aramus guarauna,2021-07-29 07:16,3.0,26.3140166,-81.6349089,S92457300,1,2021,7,29,Aramidae
limpki,Limpkin,Aramus guarauna,2021-07-29 06:35,1.0,28.0424203,-81.2065585,S92456739,1,2021,7,29,Aramidae
limpki,Limpkin,Aramus guarauna,2021-07-28 20:30,2.0,27.04598,-82.39989,S92441463,1,2021,7,28,Aramidae
limpki,Limpkin,Aramus guarauna,2021-07-28 19:41,1.0,27.70151,-82.359709,S92441017,1,2021,7,28,Aramidae
limpki,Limpkin,Aramus guarauna,2021-07-28 18:13,4.0,27.9109361,-81.1496745,S92437749,1,2021,7,28,Aramidae
limpki,Limpkin,Aramus guarauna,2021-07-28 17:30,10.0,26.6012,-80.0828,S92475789,1,2021,7,28,Aramidae
limpki,Limpkin,Aramus guarauna,2021-07-28 17:13,1.0,28.094794,-82.706551,S92434910,1,2021,7,28,Aramidae
limpki,Limpkin,Aramus guarauna,2021-07-28 16:49,1.0,26.6997339,-80.2336133,S92431985,1,2021,7,28,Aramidae
limpki,Limpkin,Aramus guarauna,2021-07-28 16:41,1.0,28.3713614,-81.5490365,S92443446,1,2021,7,28,Aramidae
limpki,Limpkin,Aramus guarauna,2021-07-28 14:44,1.0,28.796178,-81.736195,S92426935,1,2021,7,28,Aramidae
limpki,Limpkin,Aramus guarauna,2021-07-28 10:04,1.0,26.5716209,-81.8258929,S92419531,1,2021,7,28,Aramidae
limpki,Limpkin,Aramus guarauna,2021-07-28 09:24,1.0,27.9088787,-81.1642027,S92413827,1,2021,7,28,Aramidae
limpki,Limpkin,Aramus guarauna,2021-07-28 08:59,1.0,33.4808517,-84.3001986,S92413687,1,2021,7,28,Aramidae
limpki,Limpkin,Aramus guarauna,2021-07-28 08:55,1.0,27.6630729,-82.4998085,S92424432,1,2021,7,28,Aramidae
limpki,Limpkin,Aramus guarauna,2021-07-28 08:00,1.0,26.5052465,-80.1397812,S92559528,1,2021,7,28,Aramidae
limpki,Limpkin,Aramus guarauna,2021-07-28 07:00,2.0,26.8405153,-80.1664022,S92419530,1,2021,7,28,Aramidae
limpki,Limpkin,Aramus guarauna,2021-07-28 06:53,1.0,27.0402714,-81.6780495,S92435654,1,2021,7,28,Aramidae
limpki,Limpkin,Aramus guarauna,2021-07-27 20:04,3.0,28.044069,-81.9518495,S92397571,1,2021,7,27,Aramidae
limpki,Limpkin,Aramus guarauna,2021-07-27 19:47,1.0,28.290989,-81.397614,S92395581,1,2021,7,27,Aramidae
limpki,Limpkin,Aramus guarauna,2021-07-27 17:59,1.0,28.228577,-80.7604659,S92399506,1,2021,7,27,Aramidae
limpki,Limpkin,Aramus guarauna,2021-07-27 09:50,1.0,26.1156777,-80.2391624,S92383256,1,2021,7,27,Aramidae
limpki,Limpkin,Aramus guarauna,2021-07-27 09:45,3.0,30.39726,-90.42913,S92374486,1,2021,7,27,Aramidae
limpki,Limpkin,Aramus guarauna,2021-07-27 08:32,3.0,26.1469438,-80.6291342,S92368663,1,2021,7,27,Aramidae
limpki,Limpkin,Aramus guarauna,2021-07-27 08:30,1.0,28.097613,-81.7327452,S92398018,1,2021,7,27,Aramidae
limpki,Limpkin,Aramus guarauna,2021-07-27 08:24,1.0,27.7248069,-82.6501069,S92373877,1,2021,7,27,Aramidae
limpki,Limpkin,Aramus guarauna,2021-07-27 08:14,2.0,27.4433159,-81.2864685,S92372649,1,2021,7,27,Aramidae
limpki,Limpkin,Aramus guarauna,2021-07-27 07:29,3.0,27.272623,-80.427361,S92363873,1,2021,7,27,Aramidae
limpki,Limpkin,Aramus guarauna,2021-07-27 07:15,2.0,27.9808903,-82.6988574,S92367486,1,2021,7,27,Aramidae
limpki,Limpkin,Aramus guarauna,2021-07-26 15:59,4.0,27.9923609,-81.4062645,S92347380,1,2021,7,26,Aramidae
limpki,Limpkin,Aramus guarauna,2021-07-26 14:51,2.0,30.474417,-84.237235,S92337200,1,2021,7,26,Aramidae
limpki,Limpkin,Aramus guarauna,2021-07-26 14:07,1.0,27.5731506,-80.4687595,S92338076,1,2021,7,26,Aramidae
limpki,Limpkin,Aramus guarauna,2021-07-26 12:06,1.0,28.371344,-81.51448,S92330708,1,2021,7,26,Aramidae
limpki,Limpkin,Aramus guarauna,2021-07-26 10:32,1.0,28.2254954,-80.7144928,S92392388,1,2021,7,26,Aramidae
limpki,Limpkin,Aramus guarauna,2021-07-26 08:46,1.0,28.3179822,-81.5405166,S92323359,1,2021,7,26,Aramidae
limpki,Limpkin,Aramus guarauna,2021-07-26 08:45,1.0,28.3763868,-81.522955,S92321065,1,2021,7,26,Aramidae
limpki,Limpkin,Aramus guarauna,2021-07-26 08:13,1.0,27.9093,-81.2689,S92323655,1,2021,7,26,Aramidae
limpki,Limpkin,Aramus guarauna,2021-07-26 08:01,1.0,26.375481,-81.603896,S92327408,1,2021,7,26,Aramidae
limpki,Limpkin,Aramus guarauna,2021-07-26 07:01,1.0,28.1271627,-81.4707577,S92317427,1,2021,7,26,Aramidae
limpki,Limpkin,Aramus guarauna,2021-07-25 19:17,2.0,26.8265333,-81.0767608,S92304219,1,2021,7,25,Aramidae
limpki,Limpkin,Aramus guarauna,2021-07-25 18:34,1.0,26.4490491,-81.9471502,S92305701,1,2021,7,25,Aramidae
limpki,Limpkin,Aramus guarauna,2021-07-25 18:10,2.0,27.884882,-82.251458,S92299148,1,2021,7,25,Aramidae
limpki,Limpkin,Aramus guarauna,2021-07-25 15:39,1.0,27.3277717,-80.4516556,S92291945,1,2021,7,25,Aramidae
limpki,Limpkin,Aramus guarauna,2021-07-25 15:33,2.0,27.254406,-80.48105,S92299718,1,2021,7,25,Aramidae
limpki,Limpkin,Aramus guarauna,2021-07-25 14:21,4.0,29.1092685,-81.3752445,S92286979,1,2021,7,25,Aramidae
limpki,Limpkin,Aramus guarauna,2021-07-25 13:45,1.0,27.815778,-82.6926434,S92293882,1,2021,7,25,Aramidae
limpki,Limpkin,Aramus guarauna,2021-07-25 13:07,1.0,30.374023,-81.7898762,S92284106,1,2021,7,25,Aramidae
limpki,Limpkin,Aramus guarauna,2021-07-25 11:20,1.0,28.699689,-81.413802,S92275909,1,2021,7,25,Aramidae
limpki,Limpkin,Aramus guarauna,2021-07-25 10:38,2.0,28.1877141,-82.6102781,S92274390,1,2021,7,25,Aramidae
limpki,Limpkin,Aramus guarauna,2021-07-25 09:45,8.0,26.5019164,-81.1724854,S92455681,1,2021,7,25,Aramidae
limpki,Limpkin,Aramus guarauna,2021-07-25 08:10,1.0,26.375442,-81.6040206,S92275218,1,2021,7,25,Aramidae
limpki,Limpkin,Aramus guarauna,2021-07-25 08:06,1.0,26.631443,-80.2332294,S92267476,1,2021,7,25,Aramidae
limpki,Limpkin,Aramus guarauna,2021-07-25 07:54,1.0,26.3133434,-80.9832287,S92455675,1,2021,7,25,Aramidae
limpki,Limpkin,Aramus guarauna,2021-07-25 07:47,1.0,27.8644221,-82.2279855,S92309304,1,2021,7,25,Aramidae
limpki,Limpkin,Aramus guarauna,2021-07-25 07:44,2.0,28.04403,-81.2239629,S92368509,1,2021,7,25,Aramidae
limpki,Limpkin,Aramus guarauna,2021-07-25 07:40,2.0,25.7646485,-80.8198929,S92269534,1,2021,7,25,Aramidae
limpki,Limpkin,Aramus guarauna,2021-07-25 07:09,3.0,26.8178063,-80.1170548,S92266386,1,2021,7,25,Aramidae
limpki,Limpkin,Aramus guarauna,2021-07-25 07:06,1.0,26.0644726,-80.3783519,S92266741,1,2021,7,25,Aramidae
limpki,Limpkin,Aramus guarauna,2021-07-25 06:50,2.0,26.5374747,-81.8545818,S92265352,1,2021,7,25,Aramidae
limpki,Limpkin,Aramus guarauna,2021-07-25,1.0,27.4537129,-81.3137412,S92420818,1,2021,7,25,Aramidae
limpki,Limpkin,Aramus guarauna,2021-07-24 20:20,2.0,29.606645,-82.303383,S92251441,1,2021,7,24,Aramidae
limpki,Limpkin,Aramus guarauna,2021-07-24 18:28,2.0,27.885124,-82.251976,S92246212,1,2021,7,24,Aramidae
limpki,Limpkin,Aramus guarauna,2021-07-24 18:21,2.0,29.366906,-95.622356,S92253267,1,2021,7,24,Aramidae
limpki,Limpkin,Aramus guarauna,2021-07-24 18:05,1.0,28.6694282,-81.5832281,S92245344,1,2021,7,24,Aramidae
limpki,Limpkin,Aramus guarauna,2021-07-24 12:46,3.0,29.6068756,-82.3031116,S92230780,1,2021,7,24,Aramidae
limpki,Limpkin,Aramus guarauna,2021-07-24 12:32,1.0,29.9653789,-90.3415312,S92242504,1,2021,7,24,Aramidae
limpki,Limpkin,Aramus guarauna,2021-07-24 12:15,1.0,28.4103887,-81.5716088,S92239220,1,2021,7,24,Aramidae
limpki,Limpkin,Aramus guarauna,2021-07-24 11:39,1.0,27.4222797,-82.4360632,S92225839,1,2021,7,24,Aramidae
limpki,Limpkin,Aramus guarauna,2021-07-24 10:30,1.0,28.6257499,-81.3204682,S92226717,1,2021,7,24,Aramidae
limpki,Limpkin,Aramus guarauna,2021-07-24 10:21,1.0,27.9465497,-82.7934623,S92233252,1,2021,7,24,Aramidae
limpki,Limpkin,Aramus guarauna,2021-07-24 09:27,4.0,32.971269,-80.040436,S92224149,1,2021,7,24,Aramidae
limpki,Limpkin,Aramus guarauna,2021-07-24 09:00,3.0,27.8230303,-80.7078614,S92422903,1,2021,7,24,Aramidae
limpki,Limpkin,Aramus guarauna,2021-07-24 08:39,1.0,29.5491092,-82.292372,S92218204,1,2021,7,24,Aramidae
limpki,Limpkin,Aramus guarauna,2021-07-24 08:31,3.0,28.3593428,-81.5909958,S92248606,1,2021,7,24,Aramidae
limpki,Limpkin,Aramus guarauna,2021-07-24 08:17,1.0,26.6085272,-81.9179664,S92221088,1,2021,7,24,Aramidae
limpki,Limpkin,Aramus guarauna,2021-07-24 08:15,4.0,26.4845439,-80.6574823,S92233031,1,2021,7,24,Aramidae
limpki,Limpkin,Aramus guarauna,2021-07-24 07:50,1.0,26.8848084,-82.2877679,S92383340,1,2021,7,24,Aramidae
limpki,Limpkin,Aramus guarauna,2021-07-24 07:45,1.0,27.8720862,-82.6715183,S92260983,1,2021,7,24,Aramidae
limpki,Limpkin,Aramus guarauna,2021-07-24 07:30,3.0,27.7424626,-82.6626306,S92244471,1,2021,7,24,Aramidae
limpki,Limpkin,Aramus guarauna,2021-07-24 07:26,1.0,28.3688214,-81.5570068,S92216914,1,2021,7,24,Aramidae
limpki,Limpkin,Aramus guarauna,2021-07-24 07:26,1.0,26.1769932,-81.7844796,S92213398,1,2021,7,24,Aramidae
limpki,Limpkin,Aramus guarauna,2021-07-24 07:00,1.0,33.4841686,-84.2789641,S92385158,1,2021,7,24,Aramidae
limpki,Limpkin,Aramus guarauna,2021-07-24 07:00,1.0,28.69129,-81.403484,S92232115,1,2021,7,24,Aramidae
limpki,Limpkin,Aramus guarauna,2021-07-23 20:06,3.0,27.012577,-82.036256,S92202072,1,2021,7,23,Aramidae
limpki,Limpkin,Aramus guarauna,2021-07-23 18:30,1.0,27.3444035,-82.4482457,S92236961,1,2021,7,23,Aramidae
limpki,Limpkin,Aramus guarauna,2021-07-23 16:22,1.0,29.36687,-95.622436,S92192728,1,2021,7,23,Aramidae
limpki,Limpkin,Aramus guarauna,2021-07-23 15:32,1.0,27.245431,-82.306427,S92249283,1,2021,7,23,Aramidae
limpki,Limpkin,Aramus guarauna,2021-07-23 10:55,1.0,28.695783,-81.411192,S92210393,1,2021,7,23,Aramidae
limpki,Limpkin,Aramus guarauna,2021-07-23 10:45,2.0,29.3667438,-95.6224279,S92178581,1,2021,7,23,Aramidae
limpki,Limpkin,Aramus guarauna,2021-07-23 10:11,7.0,32.957262,-80.018992,S92174351,1,2021,7,23,Aramidae
limpki,Limpkin,Aramus guarauna,2021-07-23 09:59,1.0,26.2941399,-81.4859544,S92177524,1,2021,7,23,Aramidae
limpki,Limpkin,Aramus guarauna,2021-07-23 09:48,2.0,28.3994038,-80.8301926,S92174059,1,2021,7,23,Aramidae
limpki,Limpkin,Aramus guarauna,2021-07-23 09:30,1.0,27.913417,-82.7749035,S92208955,1,2021,7,23,Aramidae
limpki,Limpkin,Aramus guarauna,2021-07-23 09:29,1.0,28.2299949,-80.8110523,S92176883,1,2021,7,23,Aramidae
limpki,Limpkin,Aramus guarauna,2021-07-23 09:21,1.0,27.776199,-80.496848,S92171489,1,2021,7,23,Aramidae
limpki,Limpkin,Aramus guarauna,2021-07-23 08:55,3.0,27.8452331,-82.7763927,S92226601,1,2021,7,23,Aramidae
limpki,Limpkin,Aramus guarauna,2021-07-23 08:55,1.0,29.6179943,-82.2511673,S92171048,1,2021,7,23,Aramidae
limpki,Limpkin,Aramus guarauna,2021-07-23 08:46,2.0,28.3312609,-81.2778533,S92196474,1,2021,7,23,Aramidae
limpki,Limpkin,Aramus guarauna,2021-07-23 08:15,2.0,27.8832249,-82.8083432,S92196559,1,2021,7,23,Aramidae
limpki,Limpkin,Aramus guarauna,2021-07-23 07:51,2.0,27.91258,-82.774232,S92173041,1,2021,7,23,Aramidae
limpki,Limpkin,Aramus guarauna,2021-07-23 07:32,1.0,28.6511002,-82.2767521,S92172706,1,2021,7,23,Aramidae
limpki,Limpkin,Aramus guarauna,2021-07-23 07:30,1.0,26.0758749,-81.7151284,S92189570,1,2021,7,23,Aramidae
limpki,Limpkin,Aramus guarauna,2021-07-23 07:11,1.0,28.1307501,-81.4790642,S92168672,1,2021,7,23,Aramidae
limpki,Limpkin,Aramus guarauna,2021-07-22 18:52,3.0,29.3663844,-95.6069235,S92154854,1,2021,7,22,Aramidae
limpki,Limpkin,Aramus guarauna,2021-07-22 18:30,1.0,26.8165642,-80.0868773,S92424409,1,2021,7,22,Aramidae
limpki,Limpkin,Aramus guarauna,2021-07-22 14:55,1.0,27.301524,-82.254013,S92155944,1,2021,7,22,Aramidae
limpki,Limpkin,Aramus guarauna,2021-07-22 10:22,1.0,28.209889,-82.628026,S92129898,1,2021,7,22,Aramidae
limpki,Limpkin,Aramus guarauna,2021-07-22 10:00,2.0,26.6293528,-80.3059387,S92139145,1,2021,7,22,Aramidae
limpki,Limpkin,Aramus guarauna,2021-07-22 09:21,1.0,28.8451812,-81.9517422,S92128275,1,2021,7,22,Aramidae
limpki,Limpkin,Aramus guarauna,2021-07-22 08:15,2.0,28.1439001,-82.6609078,S92245495,1,2021,7,22,Aramidae
limpki,Limpkin,Aramus guarauna,2021-07-22 08:13,1.0,26.463077,-81.673619,S92169647,1,2021,7,22,Aramidae
limpki,Limpkin,Aramus guarauna,2021-07-22 08:12,1.0,28.2064531,-82.6127489,S92126028,1,2021,7,22,Aramidae
limpki,Limpkin,Aramus guarauna,2021-07-22 07:46,4.0,28.4270119,-81.434108,S92134922,1,2021,7,22,Aramidae
limpki,Limpkin,Aramus guarauna,2021-07-22 07:30,1.0,29.3669174,-95.62253,S92135720,1,2021,7,22,Aramidae
limpki,Limpkin,Aramus guarauna,2021-07-22 07:07,5.0,27.396644,-81.107366,S92158282,1,2021,7,22,Aramidae
limpki,Limpkin,Aramus guarauna,2021-07-22 06:45,4.0,26.8582653,-81.9401121,S92134720,1,2021,7,22,Aramidae
limpki,Limpkin,Aramus guarauna,2021-07-22 06:30,2.0,26.2957026,-81.487646,S92126984,1,2021,7,22,Aramidae
limpki,Limpkin,Aramus guarauna,2021-07-21 19:42,1.0,28.3751271,-81.5333918,S92110013,1,2021,7,21,Aramidae
limpki,Limpkin,Aramus guarauna,2021-07-21 18:30,2.0,29.3665091,-95.6225817,S92109415,1,2021,7,21,Aramidae
limpki,Limpkin,Aramus guarauna,2021-07-21 18:10,1.0,30.4745686,-84.2529586,S92106254,1,2021,7,21,Aramidae
limpki,Limpkin,Aramus guarauna,2021-07-21 17:44,4.0,27.872863,-81.0518074,S92105791,1,2021,7,21,Aramidae
limpki,Limpkin,Aramus guarauna,2021-07-21 17:00,4.0,32.971243,-80.040405,S92104461,1,2021,7,21,Aramidae
limpki,Limpkin,Aramus guarauna,2021-07-21 16:30,1.0,30.365942,-84.3001404,S92101734,1,2021,7,21,Aramidae
limpki,Limpkin,Aramus guarauna,2021-07-21 15:52,1.0,28.5441162,-81.3731575,S92101715,1,2021,7,21,Aramidae
limpki,Limpkin,Aramus guarauna,2021-07-21 15:23,1.0,28.425854,-81.433528,S92100360,1,2021,7,21,Aramidae
limpki,Limpkin,Aramus guarauna,2021-07-21 15:18,1.0,28.983416,-81.230209,S92101175,1,2021,7,21,Aramidae
limpki,Limpkin,Aramus guarauna,2021-07-21 15:13,1.0,26.113198,-80.229238,S92098259,1,2021,7,21,Aramidae
limpki,Limpkin,Aramus guarauna,2021-07-21 13:00,1.0,27.942679,-81.205037,S92161795,1,2021,7,21,Aramidae
limpki,Limpkin,Aramus guarauna,2021-07-21 09:09,2.0,27.365057,-82.461553,S92082137,1,2021,7,21,Aramidae
limpki,Limpkin,Aramus guarauna,2021-07-21 08:27,5.0,28.466522,-81.5089202,S92097584,1,2021,7,21,Aramidae
limpki,Limpkin,Aramus guarauna,2021-07-21 08:17,1.0,26.120722,-80.245262,S92086657,1,2021,7,21,Aramidae
limpki,Limpkin,Aramus guarauna,2021-07-21 07:42,1.0,27.847105,-82.65338,S92093761,1,2021,7,21,Aramidae
limpki,Limpkin,Aramus guarauna,2021-07-21 07:20,1.0,28.3492355,-81.3576507,S92078664,1,2021,7,21,Aramidae
limpki,Limpkin,Aramus guarauna,2021-07-21 07:00,2.0,29.985055,-82.7624606,S92105069,1,2021,7,21,Aramidae
limpki,Limpkin,Aramus guarauna,2021-07-21 06:10,2.0,27.9959173,-81.8652327,S92078612,1,2021,7,21,Aramidae
limpki,Limpkin,Aramus guarauna,2021-07-20 20:07,1.0,26.0930267,-80.2710631,S92578602,1,2021,7,20,Aramidae
limpki,Limpkin,Aramus guarauna,2021-07-20 18:49,2.0,29.881688,-95.185682,S92067103,1,2021,7,20,Aramidae
limpki,Limpkin,Aramus guarauna,2021-07-20 18:11,2.0,26.463086,-81.673597,S92080764,1,2021,7,20,Aramidae
limpki,Limpkin,Aramus guarauna,2021-07-20 16:31,1.0,27.2361876,-80.5116659,S92061069,1,2021,7,20,Aramidae
limpki,Limpkin,Aramus guarauna,2021-07-20 15:38,8.0,28.90279,-81.79877,S92060139,1,2021,7,20,Aramidae
limpki,Limpkin,Aramus guarauna,2021-07-20 14:46,2.0,28.9027946,-81.8170195,S92053045,1,2021,7,20,Aramidae
limpki,Limpkin,Aramus guarauna,2021-07-20 12:05,2.0,28.2590675,-81.2834859,S92047064,1,2021,7,20,Aramidae
limpki,Limpkin,Aramus guarauna,2021-07-20 10:57,1.0,27.249218,-80.371866,S92071997,1,2021,7,20,Aramidae
limpki,Limpkin,Aramus guarauna,2021-07-20 10:37,1.0,28.2782779,-81.2518787,S92042282,1,2021,7,20,Aramidae
limpki,Limpkin,Aramus guarauna,2021-07-20 10:00,2.0,27.3374306,-82.5103715,S92047642,1,2021,7,20,Aramidae
limpki,Limpkin,Aramus guarauna,2021-07-20 06:35,1.0,28.773774,-81.373936,S92077481,1,2021,7,20,Aramidae
limpki,Limpkin,Aramus guarauna,2021-07-19 16:13,1.0,29.3666633,-95.6225819,S92009576,1,2021,7,19,Aramidae
limpki,Limpkin,Aramus guarauna,2021-07-19 15:48,5.0,28.421976,-81.434975,S92008677,1,2021,7,19,Aramidae
limpki,Limpkin,Aramus guarauna,2021-07-19 15:09,2.0,27.992634,-81.177188,S92008300,1,2021,7,19,Aramidae
limpki,Limpkin,Aramus guarauna,2021-07-19 13:10,1.0,45.1630448,-92.9616647,S92343421,1,2021,7,19,Aramidae
limpki,Limpkin,Aramus guarauna,2021-07-19 12:13,1.0,28.608469,-81.263903,S92019485,1,2021,7,19,Aramidae
limpki,Limpkin,Aramus guarauna,2021-07-19 11:21,2.0,29.36668,-95.622578,S91992609,1,2021,7,19,Aramidae
limpki,Limpkin,Aramus guarauna,2021-07-19 08:00,1.0,29.3735739,-95.6230259,S92022145,1,2021,7,19,Aramidae
limpki,Limpkin,Aramus guarauna,2021-07-19 07:35,1.0,27.6131434,-80.5052376,S92013528,1,2021,7,19,Aramidae
limpki,Limpkin,Aramus guarauna,2021-07-19 06:13,1.0,27.8326657,-81.1449337,S91991968,1,2021,7,19,Aramidae
limpki,Limpkin,Aramus guarauna,2021-07-18 19:06,2.0,29.881881,-95.185704,S92237591,1,2021,7,18,Aramidae
limpki,Limpkin,Aramus guarauna,2021-07-18 18:51,1.0,28.9110943,-81.8013668,S91963743,1,2021,7,18,Aramidae
limpki,Limpkin,Aramus guarauna,2021-07-18 18:45,3.0,26.6155412,-80.0854826,S91962430,1,2021,7,18,Aramidae
limpki,Limpkin,Aramus guarauna,2021-07-18 18:00,1.0,29.3665847,-95.6225505,S92023810,1,2021,7,18,Aramidae
limpki,Limpkin,Aramus guarauna,2021-07-18 15:56,1.0,27.1777611,-80.3189474,S91959134,1,2021,7,18,Aramidae
limpki,Limpkin,Aramus guarauna,2021-07-18 15:40,1.0,26.463124,-81.673524,S92099498,1,2021,7,18,Aramidae
limpki,Limpkin,Aramus guarauna,2021-07-18 12:42,1.0,27.3099583,-82.2593589,S91941787,1,2021,7,18,Aramidae
limpki,Limpkin,Aramus guarauna,2021-07-18 10:45,2.0,28.370785,-81.2667918,S92257061,1,2021,7,18,Aramidae
limpki,Limpkin,Aramus guarauna,2021-07-18 10:05,2.0,30.474189,-84.237998,S91931893,1,2021,7,18,Aramidae
limpki,Limpkin,Aramus guarauna,2021-07-18 08:21,3.0,27.2724923,-82.2802783,S91938505,1,2021,7,18,Aramidae
limpki,Limpkin,Aramus guarauna,2021-07-18 07:57,1.0,28.2521498,-81.382556,S91924215,1,2021,7,18,Aramidae
limpki,Limpkin,Aramus guarauna,2021-07-18 07:30,1.0,27.6113527,-80.4397901,S91924683,1,2021,7,18,Aramidae
limpki,Limpkin,Aramus guarauna,2021-07-18 07:29,5.0,26.294745,-81.485306,S91923741,1,2021,7,18,Aramidae
limpki,Limpkin,Aramus guarauna,2021-07-18 07:19,3.0,28.832049,-81.669791,S91922492,1,2021,7,18,Aramidae
limpki,Limpkin,Aramus guarauna,2021-07-18 07:13,2.0,28.6439145,-80.7165956,S91922416,1,2021,7,18,Aramidae
limpki,Limpkin,Aramus guarauna,2021-07-18 06:35,1.0,26.9057338,-81.9913276,S91977188,1,2021,7,18,Aramidae
limpki,Limpkin,Aramus guarauna,2021-07-17 19:38,1.0,26.8454975,-81.968076,S91906214,1,2021,7,17,Aramidae
limpki,Limpkin,Aramus guarauna,2021-07-17 18:50,1.0,28.92167,-81.9648247,S91903968,1,2021,7,17,Aramidae
limpki,Limpkin,Aramus guarauna,2021-07-17 18:49,1.0,29.36643,-95.622702,S91906834,1,2021,7,17,Aramidae
limpki,Limpkin,Aramus guarauna,2021-07-17 18:18,2.0,27.1213522,-82.2207355,S91903086,1,2021,7,17,Aramidae
limpki,Limpkin,Aramus guarauna,2021-07-17 17:45,2.0,26.17638,-81.784482,S91900809,1,2021,7,17,Aramidae
limpki,Limpkin,Aramus guarauna,2021-07-17 16:19,1.0,27.5845384,-80.4668523,S91898316,1,2021,7,17,Aramidae
limpki,Limpkin,Aramus guarauna,2021-07-17 12:34,1.0,26.8786378,-80.1158898,S91885110,1,2021,7,17,Aramidae
limpki,Limpkin,Aramus guarauna,2021-07-17 12:10,2.0,29.366923,-95.622504,S91892339,1,2021,7,17,Aramidae
limpki,Limpkin,Aramus guarauna,2021-07-17 11:21,1.0,27.930948,-82.474313,S91879272,1,2021,7,17,Aramidae
limpki,Limpkin,Aramus guarauna,2021-07-17 10:13,1.0,27.338189,-82.454947,S91874660,1,2021,7,17,Aramidae
limpki,Limpkin,Aramus guarauna,2021-07-17 10:00,1.0,26.2367981,-81.7607689,S91889139,1,2021,7,17,Aramidae
limpki,Limpkin,Aramus guarauna,2021-07-17 09:41,1.0,29.366793,-95.622496,S91877321,1,2021,7,17,Aramidae
limpki,Limpkin,Aramus guarauna,2021-07-17 08:36,1.0,26.463038,-81.673755,S91885919,1,2021,7,17,Aramidae
limpki,Limpkin,Aramus guarauna,2021-07-17 08:07,1.0,26.0637,-80.3664,S92147329,1,2021,7,17,Aramidae
limpki,Limpkin,Aramus guarauna,2021-07-17 08:00,1.0,29.8734997,-95.1570357,S91908689,1,2021,7,17,Aramidae
limpki,Limpkin,Aramus guarauna,2021-07-17 07:37,3.0,28.083898,-82.328206,S91867224,1,2021,7,17,Aramidae
limpki,Limpkin,Aramus guarauna,2021-07-17 07:14,3.0,29.366487,-95.622417,S91870221,1,2021,7,17,Aramidae
limpki,Limpkin,Aramus guarauna,2021-07-17 07:10,2.0,28.5383481,-82.3242474,S91874306,1,2021,7,17,Aramidae
limpki,Limpkin,Aramus guarauna,2021-07-17 07:02,2.0,26.1736762,-80.8551157,S91914864,1,2021,7,17,Aramidae
limpki,Limpkin,Aramus guarauna,2021-07-17 06:37,1.0,26.117621,-81.689687,S91868905,1,2021,7,17,Aramidae
limpki,Limpkin,Aramus guarauna,2021-07-17 06:36,1.0,28.1739274,-82.480073,S91865540,1,2021,7,17,Aramidae
limpki,Limpkin,Aramus guarauna,2021-07-16 18:24,1.0,26.9198217,-82.052038,S91849237,1,2021,7,16,Aramidae
limpki,Limpkin,Aramus guarauna,2021-07-16 10:07,1.0,27.9767107,-82.7266336,S91828332,1,2021,7,16,Aramidae
limpki,Limpkin,Aramus guarauna,2021-07-16 08:59,3.0,26.463128,-81.673524,S91855068,1,2021,7,16,Aramidae
limpki,Limpkin,Aramus guarauna,2021-07-16 08:41,1.0,28.4875993,-81.3655282,S91823630,1,2021,7,16,Aramidae
limpki,Limpkin,Aramus guarauna,2021-07-16 08:02,1.0,28.236112,-80.680466,S91828011,1,2021,7,16,Aramidae
limpki,Limpkin,Aramus guarauna,2021-07-16 07:22,1.0,27.1734149,-82.466383,S91825711,1,2021,7,16,Aramidae
limpki,Limpkin,Aramus guarauna,2021-07-15 17:48,1.0,26.463096,-81.673801,S91823831,1,2021,7,15,Aramidae
limpki,Limpkin,Aramus guarauna,2021-07-15 17:10,1.0,29.366792,-95.622551,S91810568,1,2021,7,15,Aramidae
limpki,Limpkin,Aramus guarauna,2021-07-15 16:44,1.0,28.4836344,-81.5104222,S91811613,1,2021,7,15,Aramidae
limpki,Limpkin,Aramus guarauna,2021-07-15 14:36,2.0,27.383933,-81.110522,S91796484,1,2021,7,15,Aramidae
limpki,Limpkin,Aramus guarauna,2021-07-15 13:30,1.0,28.1391726,-81.3619781,S91806873,1,2021,7,15,Aramidae
limpki,Limpkin,Aramus guarauna,2021-07-15 12:05,1.0,30.4036824,-84.3079448,S91789273,1,2021,7,15,Aramidae
limpki,Limpkin,Aramus guarauna,2021-07-15 11:30,1.0,27.9312364,-81.1522293,S91818814,1,2021,7,15,Aramidae
limpki,Limpkin,Aramus guarauna,2021-07-15 10:17,2.0,27.8891565,-80.746336,S91810343,1,2021,7,15,Aramidae
limpki,Limpkin,Aramus guarauna,2021-07-15 09:35,3.0,27.8452341,-80.7252359,S91809208,1,2021,7,15,Aramidae
limpki,Limpkin,Aramus guarauna,2021-07-15 08:57,1.0,30.1711388,-82.615428,S91780688,1,2021,7,15,Aramidae
limpki,Limpkin,Aramus guarauna,2021-07-15 08:20,2.0,26.4100675,-81.8085758,S91779391,1,2021,7,15,Aramidae
limpki,Limpkin,Aramus guarauna,2021-07-15 07:51,1.0,28.1311969,-82.7378654,S91790243,1,2021,7,15,Aramidae
limpki,Limpkin,Aramus guarauna,2021-07-15 07:48,1.0,27.776113,-80.496761,S91784471,1,2021,7,15,Aramidae
limpki,Limpkin,Aramus guarauna,2021-07-15 07:38,2.0,29.3668112,-95.6225129,S91779815,1,2021,7,15,Aramidae
limpki,Limpkin,Aramus guarauna,2021-07-15 06:30,1.0,28.3987522,-81.4429379,S91777210,1,2021,7,15,Aramidae
limpki,Limpkin,Aramus guarauna,2021-07-14 17:58,1.0,29.366326,-95.622485,S91794288,1,2021,7,14,Aramidae
limpki,Limpkin,Aramus guarauna,2021-07-14 16:11,1.0,27.0362957,-80.1662385,S91803881,1,2021,7,14,Aramidae
limpki,Limpkin,Aramus guarauna,2021-07-14 14:17,1.0,27.843738,-82.240793,S91770282,1,2021,7,14,Aramidae
limpki,Limpkin,Aramus guarauna,2021-07-14 13:30,1.0,29.366966,-95.622461,S91778412,1,2021,7,14,Aramidae
limpki,Limpkin,Aramus guarauna,2021-07-14 12:56,1.0,42.4577874,-88.1893158,S91751034,1,2021,7,14,Aramidae
limpki,Limpkin,Aramus guarauna,2021-07-14 11:43,1.0,29.21284,-81.339528,S91991552,1,2021,7,14,Aramidae
limpki,Limpkin,Aramus guarauna,2021-07-14 11:17,1.0,42.4623,-88.1886,S91747042,1,2021,7,14,Aramidae
limpki,Limpkin,Aramus guarauna,2021-07-14 10:00,2.0,28.5432114,-80.860126,S91757617,1,2021,7,14,Aramidae
limpki,Limpkin,Aramus guarauna,2021-07-14 09:42,1.0,27.6765051,-80.3933345,S91738138,1,2021,7,14,Aramidae
limpki,Limpkin,Aramus guarauna,2021-07-14 09:32,1.0,27.969716,-81.188432,S91760960,1,2021,7,14,Aramidae
limpki,Limpkin,Aramus guarauna,2021-07-14 09:30,1.0,27.32409,-82.434425,S92063521,1,2021,7,14,Aramidae
limpki,Limpkin,Aramus guarauna,2021-07-14 08:43,1.0,26.5271649,-81.8765643,S91738572,1,2021,7,14,Aramidae
limpki,Limpkin,Aramus guarauna,2021-07-14 08:30,1.0,27.6965345,-80.4365653,S91810881,1,2021,7,14,Aramidae
limpki,Limpkin,Aramus guarauna,2021-07-14 07:23,1.0,29.6364,-82.2382,S91732011,1,2021,7,14,Aramidae
limpki,Limpkin,Aramus guarauna,2021-07-14 06:40,2.0,29.715194,-81.500838,S91730358,1,2021,7,14,Aramidae
limpki,Limpkin,Aramus guarauna,2021-07-13 19:17,1.0,26.405685,-81.809989,S91731885,1,2021,7,13,Aramidae
limpki,Limpkin,Aramus guarauna,2021-07-13 16:57,1.0,28.1749093,-82.4546671,S91721559,1,2021,7,13,Aramidae
limpki,Limpkin,Aramus guarauna,2021-07-13 16:35,1.0,33.6530123,-79.0548277,S91710197,1,2021,7,13,Aramidae
limpki,Limpkin,Aramus guarauna,2021-07-13 14:47,1.0,28.9840034,-81.2301268,S91707679,1,2021,7,13,Aramidae
limpki,Limpkin,Aramus guarauna,2021-07-13 12:53,2.0,26.462903,-81.673654,S91720048,1,2021,7,13,Aramidae
limpki,Limpkin,Aramus guarauna,2021-07-13 11:51,2.0,28.429689,-81.482864,S91700144,1,2021,7,13,Aramidae
limpki,Limpkin,Aramus guarauna,2021-07-13 10:52,1.0,28.24419,-82.71922,S91695403,1,2021,7,13,Aramidae
limpki,Limpkin,Aramus guarauna,2021-07-13 09:45,1.0,28.802957,-81.872026,S92019720,1,2021,7,13,Aramidae
limpki,Limpkin,Aramus guarauna,2021-07-13 09:15,1.0,42.4470887,-88.1812806,S91704934,1,2021,7,13,Aramidae
limpki,Limpkin,Aramus guarauna,2021-07-13 09:11,1.0,42.446527,-88.181893,S91696581,1,2021,7,13,Aramidae
limpki,Limpkin,Aramus guarauna,2021-07-13 09:09,1.0,29.366928,-95.622486,S91693727,1,2021,7,13,Aramidae
limpki,Limpkin,Aramus guarauna,2021-07-13 08:27,2.0,27.98938,-81.178721,S91697770,1,2021,7,13,Aramidae
limpki,Limpkin,Aramus guarauna,2021-07-13 07:18,1.0,27.5016862,-82.4870896,S91689966,1,2021,7,13,Aramidae
limpki,Limpkin,Aramus guarauna,2021-07-13 06:54,1.0,28.942476,-81.3418172,S91709355,1,2021,7,13,Aramidae
limpki,Limpkin,Aramus guarauna,2021-07-13 06:34,1.0,26.6668727,-80.4574621,S91687126,1,2021,7,13,Aramidae
limpki,Limpkin,Aramus guarauna,2021-07-13 06:05,1.0,29.720413,-81.944623,S91738137,1,2021,7,13,Aramidae
limpki,Limpkin,Aramus guarauna,2021-07-12 20:04,1.0,27.9595665,-82.7829212,S91674718,1,2021,7,12,Aramidae
limpki,Limpkin,Aramus guarauna,2021-07-12 19:40,3.0,26.098675,-80.270325,S91861396,1,2021,7,12,Aramidae
limpki,Limpkin,Aramus guarauna,2021-07-12 18:36,2.0,29.3668351,-95.6226054,S91676045,1,2021,7,12,Aramidae
limpki,Limpkin,Aramus guarauna,2021-07-12 17:47,1.0,26.9333944,-80.1751636,S91758260,1,2021,7,12,Aramidae
limpki,Limpkin,Aramus guarauna,2021-07-12 15:22,1.0,26.462952,-81.673657,S91673926,1,2021,7,12,Aramidae
limpki,Limpkin,Aramus guarauna,2021-07-12 15:12,1.0,42.4549749,-88.1733153,S91674736,1,2021,7,12,Aramidae
limpki,Limpkin,Aramus guarauna,2021-07-12 14:30,1.0,26.995414,-81.0675573,S91685999,1,2021,7,12,Aramidae
limpki,Limpkin,Aramus guarauna,2021-07-12 14:20,1.0,42.446501,-88.181813,S91664979,1,2021,7,12,Aramidae
limpki,Limpkin,Aramus guarauna,2021-07-12 09:09,6.0,32.957264,-80.018683,S91644674,1,2021,7,12,Aramidae
limpki,Limpkin,Aramus guarauna,2021-07-12 08:28,3.0,27.3049011,-80.8290339,S91644547,1,2021,7,12,Aramidae
limpki,Limpkin,Aramus guarauna,2021-07-12 07:56,1.0,28.3493559,-81.3564741,S91641638,1,2021,7,12,Aramidae
limpki,Limpkin,Aramus guarauna,2021-07-12 07:32,1.0,29.366813,-95.622405,S91642500,1,2021,7,12,Aramidae
limpki,Limpkin,Aramus guarauna,2021-07-12 07:00,1.0,26.8375507,-80.1425171,S91643112,1,2021,7,12,Aramidae
limpki,Limpkin,Aramus guarauna,2021-07-12 06:47,1.0,26.573469,-81.840608,S91642284,1,2021,7,12,Aramidae
limpki,Limpkin,Aramus guarauna,2021-07-11 19:40,1.0,29.3667065,-95.6225768,S91633827,1,2021,7,11,Aramidae
limpki,Limpkin,Aramus guarauna,2021-07-11 19:25,1.0,29.366641,-95.622593,S91628376,1,2021,7,11,Aramidae
limpki,Limpkin,Aramus guarauna,2021-07-11 19:25,1.0,29.3664712,-95.6225597,S91628838,1,2021,7,11,Aramidae
limpki,Limpkin,Aramus guarauna,2021-07-11 19:02,1.0,29.3664177,-95.6225744,S91633277,1,2021,7,11,Aramidae
limpki,Limpkin,Aramus guarauna,2021-07-11 17:46,3.0,28.7377104,-81.2400126,S91626954,1,2021,7,11,Aramidae
limpki,Limpkin,Aramus guarauna,2021-07-11 17:20,1.0,29.366615,-95.6223,S91620360,1,2021,7,11,Aramidae
limpki,Limpkin,Aramus guarauna,2021-07-11 16:24,1.0,27.776132,-80.496778,S91616048,1,2021,7,11,Aramidae
limpki,Limpkin,Aramus guarauna,2021-07-11 13:31,1.0,42.4415744,-88.1619787,S91617534,1,2021,7,11,Aramidae
limpki,Limpkin,Aramus guarauna,2021-07-11 13:20,1.0,29.358445,-95.622449,S91613576,1,2021,7,11,Aramidae
limpki,Limpkin,Aramus guarauna,2021-07-11 13:11,1.0,29.366848,-95.622498,S91611921,1,2021,7,11,Aramidae
limpki,Limpkin,Aramus guarauna,2021-07-11 13:10,1.0,26.463057,-81.673804,S91628536,1,2021,7,11,Aramidae
limpki,Limpkin,Aramus guarauna,2021-07-11 10:34,1.0,26.375455,-81.60449,S91607878,1,2021,7,11,Aramidae
limpki,Limpkin,Aramus guarauna,2021-07-11 10:26,3.0,26.816629,-80.086924,S91592386,1,2021,7,11,Aramidae
limpki,Limpkin,Aramus guarauna,2021-07-11 10:05,1.0,27.838557,-82.208341,S91594300,1,2021,7,11,Aramidae
limpki,Limpkin,Aramus guarauna,2021-07-11 09:04,2.0,26.010925,-81.622139,S91586186,1,2021,7,11,Aramidae
limpki,Limpkin,Aramus guarauna,2021-07-11 09:00,1.0,29.367006,-95.622417,S91594516,1,2021,7,11,Aramidae
limpki,Limpkin,Aramus guarauna,2021-07-11 08:48,6.0,28.0375919,-81.9539738,S91588503,1,2021,7,11,Aramidae
limpki,Limpkin,Aramus guarauna,2021-07-11 08:38,1.0,27.680761,-80.828108,S91601585,1,2021,7,11,Aramidae
limpki,Limpkin,Aramus guarauna,2021-07-11 08:28,4.0,28.089284,-82.701945,S91619980,1,2021,7,11,Aramidae
limpki,Limpkin,Aramus guarauna,2021-07-11 08:13,1.0,26.1073443,-80.2566402,S91589539,1,2021,7,11,Aramidae
limpki,Limpkin,Aramus guarauna,2021-07-11 07:45,1.0,27.1291952,-82.3337746,S91598157,1,2021,7,11,Aramidae
limpki,Limpkin,Aramus guarauna,2021-07-11 06:55,2.0,27.2634357,-80.2877104,S91588692,1,2021,7,11,Aramidae
limpki,Limpkin,Aramus guarauna,2021-07-11 06:30,1.0,28.7815,-81.3692,S91581722,1,2021,7,11,Aramidae
limpki,Limpkin,Aramus guarauna,2021-07-11 06:27,3.0,27.318339,-82.437342,S91608151,1,2021,7,11,Aramidae
limpki,Limpkin,Aramus guarauna,2021-07-11 06:26,1.0,25.6923384,-80.4361171,S91581034,1,2021,7,11,Aramidae
limpki,Limpkin,Aramus guarauna,2021-07-10 20:39,1.0,27.6786636,-81.2943649,S91597956,1,2021,7,10,Aramidae
limpki,Limpkin,Aramus guarauna,2021-07-10 18:19,1.0,27.965471,-82.522232,S91563169,1,2021,7,10,Aramidae
limpki,Limpkin,Aramus guarauna,2021-07-10 17:00,1.0,28.4993957,-81.4241302,S91559122,1,2021,7,10,Aramidae
limpki,Limpkin,Aramus guarauna,2021-07-10 16:05,1.0,26.828833,-80.104117,S91554354,1,2021,7,10,Aramidae
limpki,Limpkin,Aramus guarauna,2021-07-10 15:24,1.0,27.776316,-80.49693,S91555963,1,2021,7,10,Aramidae
limpki,Limpkin,Aramus guarauna,2021-07-10 14:15,3.0,27.8526028,-81.3664616,S91580612,1,2021,7,10,Aramidae
limpki,Limpkin,Aramus guarauna,2021-07-10 13:52,1.0,28.255022,-80.703228,S91549981,1,2021,7,10,Aramidae
limpki,Limpkin,Aramus guarauna,2021-07-10 11:34,2.0,29.366773,-95.62256,S91570075,1,2021,7,10,Aramidae
limpki,Limpkin,Aramus guarauna,2021-07-10 10:33,1.0,26.728485,-80.068694,S91533267,1,2021,7,10,Aramidae
limpki,Limpkin,Aramus guarauna,2021-07-10 10:16,1.0,26.81649,-80.08743,S91531736,1,2021,7,10,Aramidae
limpki,Limpkin,Aramus guarauna,2021-07-10 10:12,1.0,27.6854464,-80.4073988,S91532015,1,2021,7,10,Aramidae
limpki,Limpkin,Aramus guarauna,2021-07-10 10:06,1.0,27.302061,-82.254776,S91530820,1,2021,7,10,Aramidae
limpki,Limpkin,Aramus guarauna,2021-07-10 09:26,1.0,27.793781,-81.159656,S91528035,1,2021,7,10,Aramidae
limpki,Limpkin,Aramus guarauna,2021-07-10 09:00,1.0,27.6788275,-80.3980395,S91541498,1,2021,7,10,Aramidae
limpki,Limpkin,Aramus guarauna,2021-07-10 08:45,3.0,26.816587,-80.087559,S91529759,1,2021,7,10,Aramidae
limpki,Limpkin,Aramus guarauna,2021-07-10 08:07,1.0,27.908485,-81.841313,S91525675,1,2021,7,10,Aramidae
limpki,Limpkin,Aramus guarauna,2021-07-10 07:45,4.0,29.3666615,-95.6221821,S91563580,1,2021,7,10,Aramidae
limpki,Limpkin,Aramus guarauna,2021-07-10 07:35,4.0,29.366485,-95.6226578,S91529117,1,2021,7,10,Aramidae
limpki,Limpkin,Aramus guarauna,2021-07-10 07:35,4.0,29.3667536,-95.6225626,S91535369,1,2021,7,10,Aramidae
limpki,Limpkin,Aramus guarauna,2021-07-10 07:34,4.0,29.355399,-95.622542,S91529077,1,2021,7,10,Aramidae
limpki,Limpkin,Aramus guarauna,2021-07-10 07:15,1.0,27.334,-82.4433,S91569861,1,2021,7,10,Aramidae
limpki,Limpkin,Aramus guarauna,2021-07-10 07:06,1.0,28.6743231,-81.3268733,S91529193,1,2021,7,10,Aramidae
limpki,Limpkin,Aramus guarauna,2021-07-10 07:00,1.0,28.089221,-82.701502,S91574532,1,2021,7,10,Aramidae
limpki,Limpkin,Aramus guarauna,2021-07-10 06:52,2.0,29.366852,-95.622499,S91533644,1,2021,7,10,Aramidae
limpki,Limpkin,Aramus guarauna,2021-07-10 06:46,1.0,28.6433213,-81.3952053,S91534618,1,2021,7,10,Aramidae
limpki,Limpkin,Aramus guarauna,2021-07-10 06:19,1.0,26.4794212,-80.6566988,S91522061,1,2021,7,10,Aramidae
limpki,Limpkin,Aramus guarauna,2021-07-10 06:17,1.0,27.318315,-82.437202,S91538597,1,2021,7,10,Aramidae
limpki,Limpkin,Aramus guarauna,2021-07-09 18:44,1.0,27.274209,-80.439135,S91564624,1,2021,7,9,Aramidae
limpki,Limpkin,Aramus guarauna,2021-07-09 17:40,2.0,29.3669011,-95.62255,S91513431,1,2021,7,9,Aramidae
limpki,Limpkin,Aramus guarauna,2021-07-09 17:00,1.0,29.6148414,-94.5344353,S91505674,1,2021,7,9,Aramidae
limpki,Limpkin,Aramus guarauna,2021-07-09 16:57,2.0,26.463025,-81.673693,S91513153,1,2021,7,9,Aramidae
limpki,Limpkin,Aramus guarauna,2021-07-09 11:22,1.0,27.9232189,-82.1697656,S91497762,1,2021,7,9,Aramidae
limpki,Limpkin,Aramus guarauna,2021-07-09 10:49,1.0,26.019833,-81.631183,S91482382,1,2021,7,9,Aramidae
limpki,Limpkin,Aramus guarauna,2021-07-09 09:42,1.0,28.800228,-81.726244,S91680519,1,2021,7,9,Aramidae
limpki,Limpkin,Aramus guarauna,2021-07-09 09:25,1.0,28.421073,-81.426135,S91478422,1,2021,7,9,Aramidae
limpki,Limpkin,Aramus guarauna,2021-07-09 08:40,1.0,26.773047,-80.1249647,S91491075,1,2021,7,9,Aramidae
limpki,Limpkin,Aramus guarauna,2021-07-09 08:39,2.0,26.52814,-81.876026,S91481713,1,2021,7,9,Aramidae
limpki,Limpkin,Aramus guarauna,2021-07-09 08:00,2.0,26.113449,-80.24087,S91518459,1,2021,7,9,Aramidae
limpki,Limpkin,Aramus guarauna,2021-07-09 07:40,1.0,28.2184242,-82.6351261,S91481757,1,2021,7,9,Aramidae
limpki,Limpkin,Aramus guarauna,2021-07-09 07:40,1.0,27.3632302,-82.4475861,S91487256,1,2021,7,9,Aramidae
limpki,Limpkin,Aramus guarauna,2021-07-09 06:15,1.0,26.4993624,-80.9473515,S91507585,1,2021,7,9,Aramidae
limpki,Limpkin,Aramus guarauna,2021-07-08 19:21,1.0,28.658714,-81.1874501,S91460406,1,2021,7,8,Aramidae
limpki,Limpkin,Aramus guarauna,2021-07-08 18:45,1.0,28.3481308,-81.4000249,S91458956,1,2021,7,8,Aramidae
limpki,Limpkin,Aramus guarauna,2021-07-08 14:06,3.0,29.366572,-95.622599,S91448829,1,2021,7,8,Aramidae
limpki,Limpkin,Aramus guarauna,2021-07-08 11:19,1.0,26.462943,-81.673629,S91449115,1,2021,7,8,Aramidae
limpki,Limpkin,Aramus guarauna,2021-07-08 09:55,1.0,27.6631045,-80.6442779,S91438901,1,2021,7,8,Aramidae
limpki,Limpkin,Aramus guarauna,2021-07-08 09:10,1.0,28.6743702,-81.6920882,S91441926,1,2021,7,8,Aramidae
limpki,Limpkin,Aramus guarauna,2021-07-08 08:16,3.0,26.697797,-80.1661,S91431612,1,2021,7,8,Aramidae
limpki,Limpkin,Aramus guarauna,2021-07-08 08:02,1.0,27.776167,-80.496821,S91433667,1,2021,7,8,Aramidae
limpki,Limpkin,Aramus guarauna,2021-07-08 07:36,2.0,26.138269,-80.334412,S91461268,1,2021,7,8,Aramidae
limpki,Limpkin,Aramus guarauna,2021-07-08 07:30,2.0,29.3668897,-95.6225458,S91444410,1,2021,7,8,Aramidae
limpki,Limpkin,Aramus guarauna,2021-07-08 06:52,1.0,28.2610772,-81.2955704,S91434634,1,2021,7,8,Aramidae
limpki,Limpkin,Aramus guarauna,2021-07-08 06:16,2.0,27.1545411,-81.1977705,S91858611,1,2021,7,8,Aramidae
limpki,Limpkin,Aramus guarauna,2021-07-08,1.0,29.3716228,-95.6224519,S91468538,1,2021,7,8,Aramidae
limpki,Limpkin,Aramus guarauna,2021-07-07 17:30,1.0,28.7483966,-81.7733002,S91416066,1,2021,7,7,Aramidae
limpki,Limpkin,Aramus guarauna,2021-07-07 16:55,1.0,29.4274,-82.2076,S91534730,1,2021,7,7,Aramidae
limpki,Limpkin,Aramus guarauna,2021-07-07 11:54,1.0,26.462952,-81.673633,S91419558,1,2021,7,7,Aramidae
limpki,Limpkin,Aramus guarauna,2021-07-07 10:36,2.0,28.81237,-81.26006,S91393195,1,2021,7,7,Aramidae
limpki,Limpkin,Aramus guarauna,2021-07-07 09:56,1.0,27.4192001,-82.4490747,S91389847,1,2021,7,7,Aramidae
limpki,Limpkin,Aramus guarauna,2021-07-07 07:38,2.0,29.366887,-95.622525,S91390233,1,2021,7,7,Aramidae
limpki,Limpkin,Aramus guarauna,2021-07-07 07:35,7.0,32.9573531,-80.0188213,S91388934,1,2021,7,7,Aramidae
limpki,Limpkin,Aramus guarauna,2021-07-07 07:27,3.0,26.9828005,-81.0944656,S91444474,1,2021,7,7,Aramidae
limpki,Limpkin,Aramus guarauna,2021-07-06 16:30,3.0,28.8468163,-81.9519138,S91364637,1,2021,7,6,Aramidae
limpki,Limpkin,Aramus guarauna,2021-07-06 16:30,2.0,27.3007072,-80.2798801,S91387708,1,2021,7,6,Aramidae
limpki,Limpkin,Aramus guarauna,2021-07-06 12:25,4.0,26.761927,-80.923144,S91352727,1,2021,7,6,Aramidae
limpki,Limpkin,Aramus guarauna,2021-07-06 11:06,1.0,28.4288975,-81.3048541,S91351179,1,2021,7,6,Aramidae
limpki,Limpkin,Aramus guarauna,2021-07-06 08:53,1.0,28.8077529,-81.1316943,S91343985,1,2021,7,6,Aramidae
limpki,Limpkin,Aramus guarauna,2021-07-06 08:19,1.0,28.0210301,-82.3877594,S91341947,1,2021,7,6,Aramidae
limpki,Limpkin,Aramus guarauna,2021-07-06 07:30,1.0,26.5044414,-81.9173873,S91354798,1,2021,7,6,Aramidae
limpki,Limpkin,Aramus guarauna,2021-07-05 19:45,1.0,28.5208734,-81.2304384,S91326773,1,2021,7,5,Aramidae
limpki,Limpkin,Aramus guarauna,2021-07-05 15:57,1.0,27.519506,-82.547258,S91313966,1,2021,7,5,Aramidae
limpki,Limpkin,Aramus guarauna,2021-07-05 13:33,1.0,28.1966675,-81.2950904,S91312191,1,2021,7,5,Aramidae
limpki,Limpkin,Aramus guarauna,2021-07-05 12:01,1.0,29.6099701,-82.3082158,S91302056,1,2021,7,5,Aramidae
limpki,Limpkin,Aramus guarauna,2021-07-05 11:40,1.0,29.366846,-95.622439,S91331312,1,2021,7,5,Aramidae
limpki,Limpkin,Aramus guarauna,2021-07-05 10:44,2.0,26.8080481,-80.169875,S91291990,1,2021,7,5,Aramidae
limpki,Limpkin,Aramus guarauna,2021-07-05 10:07,1.0,28.9830295,-81.2279804,S91342182,1,2021,7,5,Aramidae
limpki,Limpkin,Aramus guarauna,2021-07-05 09:43,1.0,29.000041,-81.965048,S91297352,1,2021,7,5,Aramidae
limpki,Limpkin,Aramus guarauna,2021-07-05 09:30,4.0,27.1955353,-80.8312011,S91284993,1,2021,7,5,Aramidae
limpki,Limpkin,Aramus guarauna,2021-07-05 08:46,1.0,30.4718961,-84.2599208,S91281240,1,2021,7,5,Aramidae
limpki,Limpkin,Aramus guarauna,2021-07-05 08:30,2.0,28.0037987,-81.6824913,S91446322,1,2021,7,5,Aramidae
limpki,Limpkin,Aramus guarauna,2021-07-05 07:28,1.0,28.066399,-82.355827,S91649375,1,2021,7,5,Aramidae
limpki,Limpkin,Aramus guarauna,2021-07-05 07:05,2.0,29.366929,-95.622448,S91297930,1,2021,7,5,Aramidae
limpki,Limpkin,Aramus guarauna,2021-07-05 06:38,4.0,29.3665644,-95.6226376,S91281256,1,2021,7,5,Aramidae
limpki,Limpkin,Aramus guarauna,2021-07-04 20:39,3.0,28.258981,-81.281843,S91267700,1,2021,7,4,Aramidae
limpki,Limpkin,Aramus guarauna,2021-07-04 19:40,4.0,28.4657352,-81.5138623,S91331239,1,2021,7,4,Aramidae
limpki,Limpkin,Aramus guarauna,2021-07-04 17:44,2.0,28.842204,-82.020597,S91257543,1,2021,7,4,Aramidae
limpki,Limpkin,Aramus guarauna,2021-07-04 17:30,1.0,28.9689499,-81.3544464,S91388430,1,2021,7,4,Aramidae
limpki,Limpkin,Aramus guarauna,2021-07-04 17:27,1.0,25.760766,-80.481689,S91254687,1,2021,7,4,Aramidae
limpki,Limpkin,Aramus guarauna,2021-07-04 16:57,1.0,25.6939865,-80.3280576,S91270900,1,2021,7,4,Aramidae
limpki,Limpkin,Aramus guarauna,2021-07-04 15:59,1.0,27.776183,-80.49682,S91249361,1,2021,7,4,Aramidae
limpki,Limpkin,Aramus guarauna,2021-07-04 15:46,1.0,26.9111,-82.267698,S91248459,1,2021,7,4,Aramidae
limpki,Limpkin,Aramus guarauna,2021-07-04 14:20,1.0,27.8705118,-82.6551676,S91250670,1,2021,7,4,Aramidae
limpki,Limpkin,Aramus guarauna,2021-07-04 13:43,9.0,27.1203755,-80.671721,S91308427,1,2021,7,4,Aramidae
limpki,Limpkin,Aramus guarauna,2021-07-04 13:33,1.0,28.3182677,-81.457397,S91247176,1,2021,7,4,Aramidae
limpki,Limpkin,Aramus guarauna,2021-07-04 13:01,2.0,29.366927,-95.622512,S91254898,1,2021,7,4,Aramidae
limpki,Limpkin,Aramus guarauna,2021-07-04 12:19,7.0,28.228315,-80.759915,S91269598,1,2021,7,4,Aramidae
limpki,Limpkin,Aramus guarauna,2021-07-04 12:07,2.0,29.366717,-95.622557,S91243899,1,2021,7,4,Aramidae
limpki,Limpkin,Aramus guarauna,2021-07-04 10:45,1.0,28.8320005,-81.6689086,S91228851,1,2021,7,4,Aramidae
limpki,Limpkin,Aramus guarauna,2021-07-04 10:23,4.0,28.230063,-80.767107,S91228303,1,2021,7,4,Aramidae
limpki,Limpkin,Aramus guarauna,2021-07-04 08:30,2.0,26.4794448,-80.6568276,S92014339,1,2021,7,4,Aramidae
limpki,Limpkin,Aramus guarauna,2021-07-04 07:53,1.0,27.7130332,-82.6875043,S91318401,1,2021,7,4,Aramidae
limpki,Limpkin,Aramus guarauna,2021-07-04 07:00,1.0,27.9094658,-82.787323,S91244804,1,2021,7,4,Aramidae
limpki,Limpkin,Aramus guarauna,2021-07-04 06:57,2.0,29.3669,-95.622611,S91219136,1,2021,7,4,Aramidae
limpki,Limpkin,Aramus guarauna,2021-07-04 06:26,1.0,26.306741,-80.919541,S91229659,1,2021,7,4,Aramidae
limpki,Limpkin,Aramus guarauna,2021-07-03 19:49,5.0,28.093344,-82.707504,S91203336,1,2021,7,3,Aramidae
limpki,Limpkin,Aramus guarauna,2021-07-03 19:40,1.0,28.346623,-81.6055275,S91200847,1,2021,7,3,Aramidae
limpki,Limpkin,Aramus guarauna,2021-07-03 19:15,1.0,27.9281914,-82.30777,S91245679,1,2021,7,3,Aramidae
limpki,Limpkin,Aramus guarauna,2021-07-03 17:25,1.0,30.0793033,-81.613408,S91193311,1,2021,7,3,Aramidae
limpki,Limpkin,Aramus guarauna,2021-07-03 16:45,3.0,29.366622,-95.622511,S91196072,1,2021,7,3,Aramidae
limpki,Limpkin,Aramus guarauna,2021-07-03 16:41,2.0,28.259187,-81.280941,S91194189,1,2021,7,3,Aramidae
limpki,Limpkin,Aramus guarauna,2021-07-03 14:46,1.0,26.9332425,-82.0388496,S91195231,1,2021,7,3,Aramidae
limpki,Limpkin,Aramus guarauna,2021-07-03 12:46,1.0,27.789489,-81.15038,S91176852,1,2021,7,3,Aramidae
limpki,Limpkin,Aramus guarauna,2021-07-03 10:21,2.0,28.796363,-81.735602,S91167409,1,2021,7,3,Aramidae
limpki,Limpkin,Aramus guarauna,2021-07-03 10:00,1.0,26.97614,-82.09061,S91878109,1,2021,7,3,Aramidae
limpki,Limpkin,Aramus guarauna,2021-07-03 09:30,1.0,26.1872961,-81.7629328,S91179102,1,2021,7,3,Aramidae
limpki,Limpkin,Aramus guarauna,2021-07-03 09:15,2.0,27.9981907,-81.6711617,S91444945,1,2021,7,3,Aramidae
limpki,Limpkin,Aramus guarauna,2021-07-03 08:41,2.0,26.508085,-81.965296,S91169970,1,2021,7,3,Aramidae
limpki,Limpkin,Aramus guarauna,2021-07-03 08:18,1.0,26.6671437,-80.1680195,S91163493,1,2021,7,3,Aramidae
limpki,Limpkin,Aramus guarauna,2021-07-03 07:40,1.0,26.3893478,-81.8113671,S91162578,1,2021,7,3,Aramidae
limpki,Limpkin,Aramus guarauna,2021-07-02 18:10,1.0,26.346011,-80.2434878,S91138721,1,2021,7,2,Aramidae
limpki,Limpkin,Aramus guarauna,2021-07-02 18:08,1.0,26.0388949,-81.7000239,S91137587,1,2021,7,2,Aramidae
limpki,Limpkin,Aramus guarauna,2021-07-02 15:57,2.0,29.1425662,-81.3729858,S91132573,1,2021,7,2,Aramidae
limpki,Limpkin,Aramus guarauna,2021-07-02 14:14,2.0,27.325696,-82.433321,S91130837,1,2021,7,2,Aramidae
limpki,Limpkin,Aramus guarauna,2021-07-02 14:01,3.0,28.551959,-81.604105,S91125691,1,2021,7,2,Aramidae
limpki,Limpkin,Aramus guarauna,2021-07-02 12:16,1.0,26.581651,-80.1998558,S91120070,1,2021,7,2,Aramidae
